mode;executionTime;reduction;analysisDeadMethodCount
ExecuteAll;309.083135958;0.19853524383534527;2.0
ExecutePackaging;176.0670186056;0.1979834026817825;0
