mode;executionTime;reduction;analysisDeadMethodCount
ExecuteAll;8.0033706054;0.24030939565812948;0.0
ExecutePackaging;3.7154815227999998;0.23940420625204406;0
