mode;executionTime;reduction;analysisDeadMethodCount
ExecuteAll;55.12204785819999;0.14884414888712616;0.0
ExecutePackaging;53.1098864376;0.14884414888712616;0
