mode;executionTime;reduction;analysisDeadMethodCount
ExecuteAll;582.8729806588001;0.2568528475998081;0.0
ExecutePackaging;317.8501528508;0.2556181647247122;0
