mode;executionTime;reduction;analysisDeadMethodCount
ExecuteAll;207.33838784;0.18486131415901208;3.0
ExecutePackaging;114.30609555999999;0.18423013333612392;0
